{
  "version": "1.0.0",
  "producer": "Java AppCAT CLI",
  "metadata": {
    "analysisStartTime": "2025-12-03T08:10:06.625684Z",
    "analysisEndTime": "2025-12-03T08:17:17.546176Z",
    "privacyMode": "Protected",
    "privacyModeHelpUrl": "https://aka.ms/appcat-privacy-mode",
    "targetIds": [
      "azure-aks",
      "azure-appservice",
      "azure-container-apps"
    ],
    "targetDisplayNames": [
      "Azure Kubernetes Service",
      "Azure App Service",
      "Azure Container Apps"
    ],
    "capabilities": [],
    "os": []
  },
  "summary": {
    "totalProjects": 1,
    "totalIssues": 14,
    "totalIncidents": 54,
    "totalEffort": 20,
    "charts": {
      "severity": {
        "mandatory": 2,
        "optional": 0,
        "potential": 11,
        "information": 41
      },
      "category": {
        "containerization": 1,
        "database-migration": 2,
        "local-credential": 1,
        "local-resource-access": 1,
        "spring-migration": 3
      }
    }
  },
  "projects": [
    {
      "path": ".",
      "issues": 14,
      "storyPoints": 20,
      "properties": {
        "appName": "Project UAS OBP Baru",
        "jdkVersion": "17",
        "frameworks": [
          "Spring Boot",
          "Spring"
        ],
        "languages": [
          "Java",
          "JavaScript"
        ],
        "tools": [
          "Maven"
        ]
      },
      "incidents": [
        {
          "ruleId": "azure-password-01000",
          "incidentId": "7a6b7f2f-5a68-4ee2-8aaf-a425fad2784d",
          "location": "demospringboot/src/main/resources/application.properties",
          "locationKind": "File",
          "line": 6,
          "column": 0,
          "targets": {
            "azure-aks": {
              "effort": 3,
              "severity": "potential"
            },
            "azure-appservice": {
              "effort": 3,
              "severity": "potential"
            },
            "azure-container-apps": {
              "effort": 3,
              "severity": "potential"
            }
          },
          "labels": [
            "type=violation",
            "ruleset=azure/springboot"
          ]
        },
        {
          "ruleId": "azure-database-mysql-01000",
          "incidentId": "c4eace19-a7f0-42b7-8b75-eee1e46231a2",
          "location": "demospringboot/src/main/resources/application.properties",
          "locationKind": "File",
          "line": 4,
          "column": 0,
          "targets": {
            "azure-aks": {
              "effort": 3,
              "severity": "potential"
            },
            "azure-appservice": {
              "effort": 3,
              "severity": "potential"
            },
            "azure-container-apps": {
              "effort": 3,
              "severity": "potential"
            }
          },
          "labels": [
            "type=violation",
            "ruleset=azure/springboot"
          ]
        },
        {
          "ruleId": "azure-database-mysql-01000",
          "incidentId": "4c2342ea-9010-4e03-8e6d-bd0f715daff9",
          "location": "",
          "locationKind": "",
          "targets": {
            "azure-aks": {
              "effort": 3,
              "severity": "potential"
            },
            "azure-appservice": {
              "effort": 3,
              "severity": "potential"
            },
            "azure-container-apps": {
              "effort": 3,
              "severity": "potential"
            }
          },
          "labels": [
            "type=violation",
            "ruleset=azure/springboot"
          ]
        },
        {
          "ruleId": "spring-boot-to-azure-restricted-config-01000",
          "incidentId": "82be7b9c-fb2b-4ac5-8b55-0d17dbc0cfc5",
          "location": "demospringboot/src/main/resources/application.properties",
          "locationKind": "File",
          "line": 1,
          "column": 0,
          "targets": {
            "azure-container-apps": {
              "effort": 1,
              "severity": "potential"
            }
          },
          "labels": [
            "type=violation",
            "ruleset=azure/springboot"
          ]
        },
        {
          "ruleId": "spring-boot-to-azure-restricted-config-01000",
          "incidentId": "56c401a9-697f-448e-a123-3da99bbe0cb5",
          "location": "demospringboot/src/main/resources/application.properties",
          "locationKind": "File",
          "line": 2,
          "column": 0,
          "targets": {
            "azure-container-apps": {
              "effort": 1,
              "severity": "potential"
            }
          },
          "labels": [
            "type=violation",
            "ruleset=azure/springboot"
          ]
        },
        {
          "ruleId": "spring-boot-to-azure-port-01000",
          "incidentId": "88cde1bc-f53c-4731-84ca-9ab6b23c7035",
          "location": "demospringboot/src/main/resources/application.properties",
          "locationKind": "File",
          "line": 2,
          "column": 0,
          "targets": {
            "azure-aks": {
              "effort": 1,
              "severity": "potential"
            },
            "azure-appservice": {
              "effort": 1,
              "severity": "potential"
            },
            "azure-container-apps": {
              "effort": 1,
              "severity": "potential"
            }
          },
          "labels": [
            "type=violation",
            "ruleset=azure/springboot"
          ]
        },
        {
          "ruleId": "localhost-jdbc-00002",
          "incidentId": "9727ede8-d4d7-416b-809f-0be441390a5c",
          "location": "demospringboot/src/main/resources/application.properties",
          "locationKind": "File",
          "line": 4,
          "column": 0,
          "targets": {
            "azure-aks": {
              "effort": 7,
              "severity": "mandatory"
            },
            "azure-appservice": {
              "effort": 7,
              "severity": "mandatory"
            },
            "azure-container-apps": {
              "effort": 7,
              "severity": "mandatory"
            }
          },
          "labels": [
            "type=violation",
            "ruleset=cloud-readiness"
          ]
        },
        {
          "ruleId": "dockerfile-00000",
          "incidentId": "c07ef66c-0929-4141-94bd-a552396d6826",
          "location": "",
          "locationKind": "",
          "targets": {
            "azure-aks": {
              "effort": 1,
              "severity": "mandatory"
            },
            "azure-container-apps": {
              "effort": 1,
              "severity": "mandatory"
            }
          },
          "labels": [
            "type=violation",
            "ruleset=cloud-readiness"
          ]
        },
        {
          "ruleId": "discover-java-files",
          "incidentId": "51f0015f-da50-4813-9d4d-2fa9210d4547",
          "location": "demospringboot/src/main/java/com/example/demospringboot/DemospringbootApplication.java",
          "locationKind": "File",
          "labels": [
            "type=insight",
            "ruleset=discovery-rules"
          ]
        },
        {
          "ruleId": "discover-java-files",
          "incidentId": "2e64683d-de9b-4edd-8523-afc8161ca1b8",
          "location": "demospringboot/src/main/java/com/example/demospringboot/controller/DessertController.java",
          "locationKind": "File",
          "labels": [
            "type=insight",
            "ruleset=discovery-rules"
          ]
        },
        {
          "ruleId": "discover-java-files",
          "incidentId": "680fa611-ffe4-4772-99c2-f0ca4ac7dd39",
          "location": "demospringboot/src/main/java/com/example/demospringboot/controller/LoginController.java",
          "locationKind": "File",
          "labels": [
            "type=insight",
            "ruleset=discovery-rules"
          ]
        },
        {
          "ruleId": "discover-java-files",
          "incidentId": "280b3316-a77e-4f90-bdfb-421568d28452",
          "location": "demospringboot/src/main/java/com/example/demospringboot/controller/MakananController.java",
          "locationKind": "File",
          "labels": [
            "type=insight",
            "ruleset=discovery-rules"
          ]
        },
        {
          "ruleId": "discover-java-files",
          "incidentId": "29b9abd3-7997-4ec9-be78-52b53dcd85a6",
          "location": "demospringboot/src/main/java/com/example/demospringboot/controller/MinumanController.java",
          "locationKind": "File",
          "labels": [
            "type=insight",
            "ruleset=discovery-rules"
          ]
        },
        {
          "ruleId": "discover-java-files",
          "incidentId": "846ef26a-162a-4329-8fa5-8ca11123e1d9",
          "location": "demospringboot/src/main/java/com/example/demospringboot/controller/PelangganController.java",
          "locationKind": "File",
          "labels": [
            "type=insight",
            "ruleset=discovery-rules"
          ]
        },
        {
          "ruleId": "discover-java-files",
          "incidentId": "81974840-347f-4f16-9774-2845ccb82b64",
          "location": "demospringboot/src/main/java/com/example/demospringboot/controller/PersonController.java",
          "locationKind": "File",
          "labels": [
            "type=insight",
            "ruleset=discovery-rules"
          ]
        },
        {
          "ruleId": "discover-java-files",
          "incidentId": "fae8c532-4d42-429f-827b-538fa4e55dba",
          "location": "demospringboot/src/main/java/com/example/demospringboot/controller/TransaksiController.java",
          "locationKind": "File",
          "labels": [
            "type=insight",
            "ruleset=discovery-rules"
          ]
        },
        {
          "ruleId": "discover-java-files",
          "incidentId": "5dab4b6a-6c07-4d7c-b6a8-861f779aad78",
          "location": "demospringboot/src/main/java/com/example/demospringboot/entity/Dessert.java",
          "locationKind": "File",
          "labels": [
            "type=insight",
            "ruleset=discovery-rules"
          ]
        },
        {
          "ruleId": "discover-java-files",
          "incidentId": "daded6a2-7815-4751-9443-71a41b4e6d93",
          "location": "demospringboot/src/main/java/com/example/demospringboot/entity/Harga.java",
          "locationKind": "File",
          "labels": [
            "type=insight",
            "ruleset=discovery-rules"
          ]
        },
        {
          "ruleId": "discover-java-files",
          "incidentId": "2003edc1-e8fe-4f6f-b472-c491a32e512a",
          "location": "demospringboot/src/main/java/com/example/demospringboot/entity/KeranjangBelanja.java",
          "locationKind": "File",
          "labels": [
            "type=insight",
            "ruleset=discovery-rules"
          ]
        },
        {
          "ruleId": "discover-java-files",
          "incidentId": "188676b3-2d54-4f04-9fdd-5cfd6c91f8c4",
          "location": "demospringboot/src/main/java/com/example/demospringboot/entity/KeranjangItem.java",
          "locationKind": "File",
          "labels": [
            "type=insight",
            "ruleset=discovery-rules"
          ]
        },
        {
          "ruleId": "discover-java-files",
          "incidentId": "d49f52a3-487f-4f1a-9183-fdcc253d6b9b",
          "location": "demospringboot/src/main/java/com/example/demospringboot/entity/Login.java",
          "locationKind": "File",
          "labels": [
            "type=insight",
            "ruleset=discovery-rules"
          ]
        },
        {
          "ruleId": "discover-java-files",
          "incidentId": "adcbbf50-9d83-4034-a519-504ac8f943b0",
          "location": "demospringboot/src/main/java/com/example/demospringboot/entity/Makanan.java",
          "locationKind": "File",
          "labels": [
            "type=insight",
            "ruleset=discovery-rules"
          ]
        },
        {
          "ruleId": "discover-java-files",
          "incidentId": "0f6cf9e8-5b06-4795-8ab2-70eb85c4ad2e",
          "location": "demospringboot/src/main/java/com/example/demospringboot/entity/MenuItem.java",
          "locationKind": "File",
          "labels": [
            "type=insight",
            "ruleset=discovery-rules"
          ]
        },
        {
          "ruleId": "discover-java-files",
          "incidentId": "cd27cba8-dcff-405e-853e-789d437e2735",
          "location": "demospringboot/src/main/java/com/example/demospringboot/entity/Minuman.java",
          "locationKind": "File",
          "labels": [
            "type=insight",
            "ruleset=discovery-rules"
          ]
        },
        {
          "ruleId": "discover-java-files",
          "incidentId": "c73b4df5-e06f-4fcc-83b4-56110a64c771",
          "location": "demospringboot/src/main/java/com/example/demospringboot/entity/Pegawai.java",
          "locationKind": "File",
          "labels": [
            "type=insight",
            "ruleset=discovery-rules"
          ]
        },
        {
          "ruleId": "discover-java-files",
          "incidentId": "81daba20-12bd-4422-8b6a-15825326423d",
          "location": "demospringboot/src/main/java/com/example/demospringboot/entity/Pelanggan.java",
          "locationKind": "File",
          "labels": [
            "type=insight",
            "ruleset=discovery-rules"
          ]
        },
        {
          "ruleId": "discover-java-files",
          "incidentId": "36e942a8-3128-4f89-b6f2-7d08444b5f55",
          "location": "demospringboot/src/main/java/com/example/demospringboot/entity/People.java",
          "locationKind": "File",
          "labels": [
            "type=insight",
            "ruleset=discovery-rules"
          ]
        },
        {
          "ruleId": "discover-java-files",
          "incidentId": "912c92e0-76d7-4072-8158-85644da41a5c",
          "location": "demospringboot/src/main/java/com/example/demospringboot/entity/Person.java",
          "locationKind": "File",
          "labels": [
            "type=insight",
            "ruleset=discovery-rules"
          ]
        },
        {
          "ruleId": "discover-java-files",
          "incidentId": "7726e28f-7436-4b53-8551-ba92598df414",
          "location": "demospringboot/src/main/java/com/example/demospringboot/entity/Transaksi.java",
          "locationKind": "File",
          "labels": [
            "type=insight",
            "ruleset=discovery-rules"
          ]
        },
        {
          "ruleId": "discover-java-files",
          "incidentId": "d7dcd724-c518-4a4f-ab69-a44dc09aafc9",
          "location": "demospringboot/src/main/java/com/example/demospringboot/entity/TransaksiDetail.java",
          "locationKind": "File",
          "labels": [
            "type=insight",
            "ruleset=discovery-rules"
          ]
        },
        {
          "ruleId": "discover-java-files",
          "incidentId": "23bb9422-f7d0-44d7-9720-3ada22c7fa93",
          "location": "demospringboot/src/main/java/com/example/demospringboot/repository/DessertRepository.java",
          "locationKind": "File",
          "labels": [
            "type=insight",
            "ruleset=discovery-rules"
          ]
        },
        {
          "ruleId": "discover-java-files",
          "incidentId": "0a3d305c-babe-4c2d-9ff8-be5afb18bafe",
          "location": "demospringboot/src/main/java/com/example/demospringboot/repository/MakananRepository.java",
          "locationKind": "File",
          "labels": [
            "type=insight",
            "ruleset=discovery-rules"
          ]
        },
        {
          "ruleId": "discover-java-files",
          "incidentId": "4d0cc324-b3c6-4932-8801-55eabf71decd",
          "location": "demospringboot/src/main/java/com/example/demospringboot/repository/MinumanRepository.java",
          "locationKind": "File",
          "labels": [
            "type=insight",
            "ruleset=discovery-rules"
          ]
        },
        {
          "ruleId": "discover-java-files",
          "incidentId": "8d9fd955-68dc-4f9f-9bdc-c58943bd5cc4",
          "location": "demospringboot/src/main/java/com/example/demospringboot/repository/PegawaiRepository.java",
          "locationKind": "File",
          "labels": [
            "type=insight",
            "ruleset=discovery-rules"
          ]
        },
        {
          "ruleId": "discover-java-files",
          "incidentId": "5035be70-0bba-4d52-9041-77db599b2a59",
          "location": "demospringboot/src/main/java/com/example/demospringboot/repository/PelangganRepository.java",
          "locationKind": "File",
          "labels": [
            "type=insight",
            "ruleset=discovery-rules"
          ]
        },
        {
          "ruleId": "discover-java-files",
          "incidentId": "ca480e0a-6b90-4655-bf3d-ea6f82ea8d95",
          "location": "demospringboot/src/main/java/com/example/demospringboot/repository/PersonRepository.java",
          "locationKind": "File",
          "labels": [
            "type=insight",
            "ruleset=discovery-rules"
          ]
        },
        {
          "ruleId": "discover-java-files",
          "incidentId": "a85a6571-c289-4f42-8e45-97d3de5b08ca",
          "location": "demospringboot/src/main/java/com/example/demospringboot/repository/TransaksiDetailRepository.java",
          "locationKind": "File",
          "labels": [
            "type=insight",
            "ruleset=discovery-rules"
          ]
        },
        {
          "ruleId": "discover-java-files",
          "incidentId": "b611dc49-f79e-4bab-ad2d-e3c2d1adc4c3",
          "location": "demospringboot/src/main/java/com/example/demospringboot/repository/TransaksiRepository.java",
          "locationKind": "File",
          "labels": [
            "type=insight",
            "ruleset=discovery-rules"
          ]
        },
        {
          "ruleId": "discover-java-files",
          "incidentId": "3912f259-13f7-4f78-8223-602bfd82253a",
          "location": "demospringboot/src/main/java/com/example/demospringboot/service/DessertService.java",
          "locationKind": "File",
          "labels": [
            "type=insight",
            "ruleset=discovery-rules"
          ]
        },
        {
          "ruleId": "discover-java-files",
          "incidentId": "38e14b36-eb49-4a79-9803-c15c4b2fb6b1",
          "location": "demospringboot/src/main/java/com/example/demospringboot/service/MakananService.java",
          "locationKind": "File",
          "labels": [
            "type=insight",
            "ruleset=discovery-rules"
          ]
        },
        {
          "ruleId": "discover-java-files",
          "incidentId": "34a2d4fb-2d45-48c1-a140-7752d72b5abe",
          "location": "demospringboot/src/main/java/com/example/demospringboot/service/MinumanService.java",
          "locationKind": "File",
          "labels": [
            "type=insight",
            "ruleset=discovery-rules"
          ]
        },
        {
          "ruleId": "discover-java-files",
          "incidentId": "841023be-b786-42d9-a713-f690f6615607",
          "location": "demospringboot/src/main/java/com/example/demospringboot/service/PelangganService.java",
          "locationKind": "File",
          "labels": [
            "type=insight",
            "ruleset=discovery-rules"
          ]
        },
        {
          "ruleId": "discover-java-files",
          "incidentId": "77b36e21-02f2-46aa-b214-389e7bd15afb",
          "location": "demospringboot/src/main/java/com/example/demospringboot/service/PersonService.java",
          "locationKind": "File",
          "labels": [
            "type=insight",
            "ruleset=discovery-rules"
          ]
        },
        {
          "ruleId": "discover-java-files",
          "incidentId": "3790f42b-cf49-4689-8f2f-ca4fa1089ef8",
          "location": "demospringboot/src/main/java/com/example/demospringboot/service/TransaksiService.java",
          "locationKind": "File",
          "labels": [
            "type=insight",
            "ruleset=discovery-rules"
          ]
        },
        {
          "ruleId": "discover-maven-xml",
          "incidentId": "58edb0a0-24cc-4744-8df1-0951cb3c63df",
          "location": "demospringboot/pom.xml",
          "locationKind": "File",
          "labels": [
            "type=insight",
            "ruleset=discovery-rules"
          ]
        },
        {
          "ruleId": "discover-properties-file",
          "incidentId": "e3209ef1-99e8-487b-a401-ac4d818f75af",
          "location": "demospringboot/src/main/resources/application.properties",
          "locationKind": "File",
          "labels": [
            "type=insight",
            "ruleset=discovery-rules"
          ]
        },
        {
          "ruleId": "configuration-management-0300",
          "incidentId": "1934df36-7a36-451e-87ac-c4f6dbe4fb7f",
          "location": "demospringboot/src/main/resources/application.properties",
          "locationKind": "File",
          "line": 4,
          "column": 0,
          "labels": [
            "type=insight",
            "ruleset=technology-usage"
          ]
        },
        {
          "ruleId": "configuration-management-0300",
          "incidentId": "817f691b-3f92-412f-b899-0a8bc8cbff7d",
          "location": "demospringboot/src/main/resources/application.properties",
          "locationKind": "File",
          "line": 5,
          "column": 0,
          "labels": [
            "type=insight",
            "ruleset=technology-usage"
          ]
        },
        {
          "ruleId": "configuration-management-0300",
          "incidentId": "ace552fa-1e70-49f8-8c57-cc9912b9f1fa",
          "location": "demospringboot/src/main/resources/application.properties",
          "locationKind": "File",
          "line": 6,
          "column": 0,
          "labels": [
            "type=insight",
            "ruleset=technology-usage"
          ]
        },
        {
          "ruleId": "configuration-management-0300",
          "incidentId": "7d64284a-098d-4aa1-bb46-054442d62220",
          "location": "demospringboot/src/main/resources/application.properties",
          "locationKind": "File",
          "line": 7,
          "column": 0,
          "labels": [
            "type=insight",
            "ruleset=technology-usage"
          ]
        },
        {
          "ruleId": "non-xml-technology-usage-20000",
          "incidentId": "74939bfe-f0d5-41f3-a8ac-4a0aaa417313",
          "location": "",
          "locationKind": "",
          "labels": [
            "type=insight",
            "ruleset=technology-usage"
          ]
        },
        {
          "ruleId": "configuration-management-technology-usage-0200",
          "incidentId": "ffa7e019-f802-46b6-9628-c8b8875d44d9",
          "location": "",
          "locationKind": "",
          "labels": [
            "type=insight",
            "ruleset=technology-usage"
          ]
        },
        {
          "ruleId": "configuration-management-technology-usage-0300",
          "incidentId": "4b173ab6-36b5-471b-a2b0-c9e74e72ffc4",
          "location": "",
          "locationKind": "",
          "labels": [
            "type=insight",
            "ruleset=technology-usage"
          ]
        },
        {
          "ruleId": "configuration-management-0200",
          "incidentId": "474c795d-7a64-4d37-8d40-91415d1d841f",
          "location": "demospringboot/src/main/resources/application.properties",
          "locationKind": "File",
          "labels": [
            "type=insight",
            "ruleset=technology-usage"
          ]
        }
      ]
    }
  ],
  "rules": {
    "azure-database-mysql-01000": {
      "id": "azure-database-mysql-01000",
      "description": "To migrate a Java application that uses a MySQL database to Azure, you can follow these recommendations:\n\n * Use a managed **Azure Database for MySQL**: For that create a managed MySQL database in Azure and choose the appropriate pricing tier based on your application's requirements for performance, storage, and availability.\n\n * **Migrate** the existing MySQL database: For that you can use the Azure Database Migration Service (DMS) to perform an online migration with minimal downtime.\n\n * Update the application's **database connection** details: Modify the Java application's configuration to point to the newly provisioned Azure Database for MySQL. Update the connection string, hostname, port, username, and password information accordingly.\n\n * Enable **monitoring and diagnostics**: Utilize Azure Monitor to gain insights into the performance and health of your Java application and the underlying MySQL database. Set up metrics, alerts, and log analytics to proactively identify and resolve issues.\n\n * Implement **security** measures: Apply security best practices to protect your Java application and the MySQL database. This includes implementing authentication and authorization mechanisms with passwordless connections and leveraging Microsoft Defender for Cloud for threat detection and vulnerability assessments.\n\n * **Backup** your data: Azure Database for MySQL provides automated backups by default. You can configure the retention period for backups based on your requirements. You can also enable geo-redundant backups, if needed, to enhance data durability and availability.",
      "title": "MySQL database found",
      "severity": "potential",
      "effort": 3,
      "links": [
        {
          "url": "https://learn.microsoft.com/azure/mysql",
          "title": "Azure Database for MySQL documentation"
        },
        {
          "url": "https://learn.microsoft.com/azure/dms",
          "title": "Azure Database Migration Service documentation"
        },
        {
          "url": "https://learn.microsoft.com/azure/azure-monitor",
          "title": "Azure Monitor documentation"
        },
        {
          "url": "https://learn.microsoft.com/azure/defender-for-cloud",
          "title": "Microsoft Defender for Cloud"
        },
        {
          "url": "https://learn.microsoft.com/azure/mysql/single-server/concepts-backup",
          "title": "Backup and restore in Azure Database for MySQL"
        }
      ],
      "labels": [
        "target=azure-appservice",
        "target=azure-aks",
        "target=azure-container-apps",
        "source",
        "domain=cloud-readiness",
        "category=database-migration",
        "database",
        "mysql",
        "os=windows",
        "os=linux"
      ]
    },
    "azure-password-01000": {
      "id": "azure-password-01000",
      "description": "Using clear passwords in property files is a security risk, as they can be easily compromised if the files are accessed by unauthorized individuals. To enhance the security of your application, it is recommended to employ secure credential management practices.\n\n * **Azure Key Vault**: Utilize Azure Key Vault to securely store and manage your application's passwords and other sensitive credentials. Azure Key Vault provides a centralized and highly secure location for storing secrets, keys, and certificates.\n\n * **Passwordless connections**: You can provide an additional layer of security and convenience for accessing resources in Azure by eliminating the need for passwords. This way you can reduce the risk of password-related vulnerabilities, such as weak passwords or password theft.",
      "title": "Password found in configuration file",
      "severity": "potential",
      "effort": 3,
      "links": [
        {
          "url": "https://learn.microsoft.com/azure/key-vault",
          "title": "Azure Key Vault documentation"
        },
        {
          "url": "https://learn.microsoft.com/azure/developer/intro/passwordless-overview",
          "title": "Passwordless connections for Azure services"
        },
        {
          "url": "https://learn.microsoft.com/azure/developer/java/migration/migrate-spring-boot-to-azure-container-apps#inventory-configuration-sources-and-secrets",
          "title": "Password found in configuration file"
        },
        {
          "url": "https://docs.microsoft.com/azure/developer/java/spring-framework/configure-spring-boot-starter-java-app-with-azure-key-vault",
          "title": "Read a secret from Azure Key Vault in a Spring Boot application"
        },
        {
          "url": "https://search.maven.org/artifact/com.azure.spring/azure-spring-boot-starter-keyvault-secrets",
          "title": "Azure Spring Boot Starter for Azure Key Vault Secrets"
        }
      ],
      "labels": [
        "source=springboot",
        "source=eap7",
        "source=eap",
        "target=azure-appservice",
        "target=azure-aks",
        "target=azure-container-apps",
        "domain=cloud-readiness",
        "category=local-credential",
        "password",
        "security",
        "os=windows",
        "os=linux"
      ]
    },
    "configuration-management-0200": {
      "id": "configuration-management-0200",
      "description": "Application properties file detected",
      "title": "Application properties file detected",
      "severity": "potential",
      "effort": 0,
      "labels": [
        "konveyor.io/include=always",
        "discovery",
        "tag=Application Properties File",
        "tag=Application properties file detected"
      ]
    },
    "configuration-management-0300": {
      "id": "configuration-management-0300",
      "description": "Spring datasource properties detected",
      "title": "Spring datasource properties detected",
      "severity": "potential",
      "effort": 0,
      "labels": [
        "konveyor.io/include=always",
        "discovery",
        "tag=Spring Properties",
        "tag=Spring datasource properties detected"
      ]
    },
    "configuration-management-technology-usage-0200": {
      "id": "configuration-management-technology-usage-0200",
      "description": "",
      "title": "Application Properties File",
      "severity": "information",
      "effort": 0,
      "labels": [
        "konveyor.io/include=always",
        "discovery",
        "tag=Sustain=Application Properties File",
        "tag=Configuration Management=Application Properties File",
        "tag=Embedded=Application Properties File"
      ]
    },
    "configuration-management-technology-usage-0300": {
      "id": "configuration-management-technology-usage-0300",
      "description": "",
      "title": "Spring Properties",
      "severity": "information",
      "effort": 0,
      "labels": [
        "konveyor.io/include=always",
        "discovery",
        "tag=Sustain=Spring Properties",
        "tag=Configuration Management=Spring Properties",
        "tag=Embedded=Spring Properties"
      ]
    },
    "discover-java-files": {
      "id": "discover-java-files",
      "description": "",
      "title": "Java source files",
      "severity": "information",
      "effort": 0,
      "labels": [
        "konveyor.io/include=always",
        "discovery",
        "tag=Java Source"
      ]
    },
    "discover-maven-xml": {
      "id": "discover-maven-xml",
      "description": "",
      "title": "Maven XML file",
      "severity": "information",
      "effort": 0,
      "labels": [
        "konveyor.io/include=always",
        "discovery",
        "tag=Maven XML"
      ]
    },
    "discover-properties-file": {
      "id": "discover-properties-file",
      "description": "",
      "title": "Properties file",
      "severity": "information",
      "effort": 0,
      "labels": [
        "konveyor.io/include=always",
        "discovery",
        "tag=Properties"
      ]
    },
    "dockerfile-00000": {
      "id": "dockerfile-00000",
      "description": "No Dockerfile was found in the project. This suggests the application may not yet be containerized. \nConsider creating a Dockerfile to enable container-based replatforming to Azure services such as Azure Container Apps or AKS.",
      "title": "No Dockerfile found",
      "severity": "mandatory",
      "effort": 1,
      "links": [
        {
          "url": "https://www.baeldung.com/java-dockerize-app",
          "title": "Dockerizing a Java Application"
        }
      ],
      "labels": [
        "target=azure-aks",
        "target=azure-container-apps",
        "capability=containerization",
        "source",
        "domain=cloud-readiness",
        "category=containerization",
        "containerization",
        "os=windows",
        "os=linux"
      ]
    },
    "localhost-jdbc-00002": {
      "id": "localhost-jdbc-00002",
      "description": "The app is trying to access local resource by JDBC, please try to migrate the resource to cloud",
      "title": "Local JDBC Calls",
      "severity": "mandatory",
      "effort": 7,
      "labels": [
        "target=azure-aks",
        "target=azure-container-apps",
        "target=azure-appservice",
        "capability=containerization",
        "source",
        "domain=cloud-readiness",
        "category=local-resource-access",
        "localhost",
        "containerization",
        "os=windows",
        "os=linux"
      ]
    },
    "non-xml-technology-usage-20000": {
      "id": "non-xml-technology-usage-20000",
      "description": "",
      "title": "Properties",
      "severity": "information",
      "effort": 0,
      "labels": [
        "konveyor.io/include=always",
        "discovery",
        "tag=Sustain=Properties",
        "tag=Embedded=Properties",
        "tag=Other=Properties"
      ]
    },
    "spring-boot-to-azure-port-01000": {
      "id": "spring-boot-to-azure-port-01000",
      "description": "The application is setting the server port. To migrate a Java application that sets the server port to Azure Container Apps:\n\n * **Azure Container Apps allows you to expose port according to your Azure Container Apps resource configuration. For instance, a Spring Boot application listens to port of 8080 by default, but it can be set with server.port or environment variable SERVER_PORT as you need.",
      "title": "Server port configuration found",
      "severity": "potential",
      "effort": 1,
      "links": [
        {
          "url": "https://learn.microsoft.com/azure/developer/java/migration/migrate-spring-boot-to-azure-container-apps#identify-any-clients-relying-on-a-non-standard-port",
          "title": "Identify any clients relying on a non-standard port"
        }
      ],
      "labels": [
        "source=springboot",
        "target=azure-aks",
        "target=azure-appservice",
        "target=azure-container-apps",
        "domain=cloud-readiness",
        "category=spring-migration",
        "port",
        "server port",
        "os=windows",
        "os=linux"
      ]
    },
    "spring-boot-to-azure-restricted-config-01000": {
      "id": "spring-boot-to-azure-restricted-config-01000",
      "description": "The application uses restricted configurations for Azure Container Apps.\n These properties can be automatically injected into your application environment by Azure Container Apps to access managed Config Server and managed Eureka Server.\n Please remove them from your application, including configuration files, config server files, command line parameters, Java system attributes, and environment variables.\n\n If configured in **configuration files**: they will be ignored and overrided by Azure Container Apps.\n \n If configured in **Config Server files**, **command line parameters**, **Java system attribute**, **environment variable**: they need to be removed or you might experience conflicts and unexpected behavior.",
      "title": "Restricted configurations found",
      "severity": "potential",
      "effort": 1,
      "links": [
        {
          "url": "https://learn.microsoft.com/azure/developer/java/migration/migrate-spring-cloud-to-azure-container-apps#remove-restricted-configurations",
          "title": "Migrate Spring Boot applications to Azure Container Apps - Remove restricted configurations"
        },
        {
          "url": "https://learn.microsoft.com/azure/container-apps/java-config-server?tabs=azure-cli",
          "title": "Connect to a managed Config Server for Spring in Azure Container Apps"
        },
        {
          "url": "https://learn.microsoft.com/azure/container-apps/java-eureka-server?tabs=azure-cli",
          "title": "Connect to a managed Eureka Server for Spring in Azure Container Apps"
        }
      ],
      "labels": [
        "target=azure-container-apps",
        "source=springboot",
        "domain=cloud-readiness",
        "category=spring-migration",
        "os=windows",
        "os=linux"
      ]
    }
  }
}